-- phpMyAdmin SQL Dump
-- version 5.1.1
-- https://www.phpmyadmin.net/
--
-- Servidor: 127.0.0.1
-- Tiempo de generación: 01-07-2022 a las 15:45:41
-- Versión del servidor: 10.4.22-MariaDB
-- Versión de PHP: 7.4.27

SET SQL_MODE = "NO_AUTO_VALUE_ON_ZERO";
START TRANSACTION;
SET time_zone = "+00:00";


/*!40101 SET @OLD_CHARACTER_SET_CLIENT=@@CHARACTER_SET_CLIENT */;
/*!40101 SET @OLD_CHARACTER_SET_RESULTS=@@CHARACTER_SET_RESULTS */;
/*!40101 SET @OLD_COLLATION_CONNECTION=@@COLLATION_CONNECTION */;
/*!40101 SET NAMES utf8mb4 */;

--
-- Base de datos: `db_biodigester`
--

-- --------------------------------------------------------

--
-- Estructura de tabla para la tabla `departamentos`
--

CREATE TABLE `departamentos` (
  `ID_Depart` int(11) NOT NULL,
  `Departamento` varchar(20) NOT NULL
) ENGINE=InnoDB DEFAULT CHARSET=utf8mb4;

--
-- Volcado de datos para la tabla `departamentos`
--

INSERT INTO `departamentos` (`ID_Depart`, `Departamento`) VALUES
(1, 'AMAZONAS'),
(2, 'ANTIOQUIA'),
(3, 'ARAUCA'),
(4, 'SAN ANDRES'),
(5, 'ATLANTICO'),
(6, 'BOLIVAR'),
(7, 'BOYACA'),
(8, 'CALDAS'),
(9, 'CAQUETA'),
(10, 'CASABARE'),
(11, 'CAUCA'),
(12, 'CESAR'),
(13, 'CHOCO'),
(14, 'CORDOBA'),
(15, 'CUNDINAMARCA'),
(16, 'GUANIA'),
(17, 'GUAVIARE'),
(18, 'HUILA'),
(19, 'LA GUAJIRA'),
(20, 'MAGDALENA'),
(21, 'META'),
(22, 'NARIÑO'),
(23, 'NRT SANTANDER'),
(24, 'PUTUMAYO'),
(25, 'QUINDIO'),
(26, 'RISARALDA'),
(27, 'SANTANDER'),
(28, 'SUCRE'),
(29, 'TOLIMA'),
(30, 'VLLE DEL CAUCA'),
(31, 'VAUPES'),
(32, 'VICHADA');

-- --------------------------------------------------------

--
-- Estructura de tabla para la tabla `municipios`
--

CREATE TABLE `municipios` (
  `ID_Municipio` int(11) NOT NULL,
  `ID_Departamento` int(11) NOT NULL,
  `Municipio` varchar(20) NOT NULL
) ENGINE=InnoDB DEFAULT CHARSET=utf8mb4;

--
-- Volcado de datos para la tabla `municipios`
--

INSERT INTO `municipios` (`ID_Municipio`, `ID_Departamento`, `Municipio`) VALUES
(1, 1, 'LETICIA'),
(2, 1, 'EL ENCANTO'),
(3, 1, 'LA CHORRERA'),
(4, 1, 'PUERTO NARIÑO'),
(5, 1, 'LA PEDRERA'),
(6, 1, 'TARAPACA'),
(7, 1, 'PUERTO SANTANDER'),
(8, 1, 'MIRITI-PARANA'),
(9, 1, 'PUERTO ALEGRIA'),
(10, 1, 'PUERTO ARICA'),
(11, 1, 'LA VICTORIA'),
(12, 2, 'MEDELLÍN'),
(13, 2, 'BELLO'),
(14, 2, 'ITAGUÍ'),
(15, 2, 'ENVIGADO'),
(16, 2, 'APARTADÓ'),
(17, 2, 'TURBO'),
(18, 2, 'RIONEGRO'),
(19, 2, 'CAUCASIA'),
(20, 2, 'CALDAS'),
(21, 2, 'COPACABANA'),
(22, 2, 'CHIGORODÓ'),
(23, 2, 'LA ESTRELLA'),
(24, 2, 'NECOCLÍ'),
(25, 2, 'PUERTO BERRÍO'),
(26, 2, 'LA CEJA'),
(27, 2, 'MARINILLA'),
(28, 2, 'SABANETA'),
(29, 2, 'GIRARDOTA'),
(30, 2, 'BARBOSA'),
(31, 2, 'CAREPA'),
(32, 2, 'ANDES'),
(33, 2, 'EL CARMEN DE VIBORAL'),
(34, 2, 'GUARNE'),
(35, 2, 'EL BAGRE'),
(36, 2, 'SONSÓN'),
(37, 2, 'SEGOVIA'),
(38, 2, 'URRAO'),
(39, 2, 'YARUMAL'),
(40, 2, 'ARBOLETES'),
(41, 2, 'SANTA ROSA DE OSOS'),
(42, 2, 'TARAZÁ'),
(43, 2, 'SAN PEDRO DE URABÁ'),
(44, 2, 'CÁCERES'),
(45, 2, 'BOLÍVAR'),
(46, 2, 'AMAGÁ'),
(47, 2, 'SANTUARIO'),
(48, 2, 'ZARAGOZA'),
(49, 2, 'SAN VICENTE'),
(50, 2, 'ITUANGO'),
(51, 2, 'SANTA BÁRBARA'),
(52, 2, 'ANTIOQUIA'),
(53, 2, 'FREDONIA'),
(54, 2, 'SAN PEDRO DE LOS MIL'),
(55, 2, 'CONCORDIA'),
(56, 2, 'SAN JUAN DE URABÁ'),
(57, 2, 'REMEDIOS'),
(58, 2, 'AMALFI'),
(59, 2, 'YOLOMBÓ'),
(60, 2, 'ABEJORRAL'),
(61, 2, 'DABEIDA'),
(62, 2, 'FRONTINO'),
(63, 2, 'SALGAR'),
(64, 2, 'SAN ROQUE'),
(65, 2, 'LA UNIÓN'),
(66, 2, 'NECHÍ'),
(67, 2, 'DONMATÍAS'),
(68, 2, 'EL RETIRO'),
(69, 2, 'PUERTO NARE'),
(70, 2, 'BETULIA'),
(71, 2, 'CAÑASGORDAS'),
(72, 2, 'VALDIVIA'),
(73, 2, 'PUERTO TRIUNFO'),
(74, 2, 'TÁMESIS'),
(75, 2, 'EL PEÑOL'),
(76, 2, 'JARDÍN'),
(77, 2, 'COCORNÁ'),
(78, 2, 'YONDÓ'),
(79, 2, 'SOPETRÁN'),
(80, 2, 'VENECIA'),
(81, 2, 'TITIRIBÍ'),
(82, 2, 'SAN RAFAEL'),
(83, 2, 'JERICÓ'),
(84, 2, 'ANGOSTURA'),
(85, 2, 'EBÉJICO'),
(86, 2, 'SAN CARLOS'),
(87, 2, 'SAN JERÓNIMO'),
(88, 2, 'SANTO DOMINGO'),
(89, 2, 'GÓMEZ PLATA'),
(90, 2, 'VEGACHÍ'),
(91, 2, 'SAN LUIS'),
(92, 2, 'BETANIA'),
(93, 2, 'MUTATÁ'),
(94, 2, 'ANORÍ'),
(95, 2, 'CISNEROS'),
(96, 2, 'GRANADA'),
(97, 2, 'LIBORINA'),
(98, 2, 'NARIÑO'),
(99, 2, 'ENTRERRÍOS'),
(100, 2, 'PUEBLORRICO'),
(101, 2, 'SABANALARGA'),
(102, 2, 'BRICEÑO'),
(103, 2, 'CAICEDO'),
(104, 2, 'ANGELÓPOLIS'),
(105, 2, 'MACEO'),
(106, 2, 'MONTEBELLO'),
(107, 2, 'ANZÁ'),
(108, 2, 'URAMITA'),
(109, 2, 'GUATAPÉ'),
(110, 2, 'TARSO'),
(111, 2, 'LA PINTADA'),
(112, 2, 'ARGELIA'),
(113, 2, 'HELICONIA'),
(114, 2, 'BURITICÁ'),
(115, 2, 'VALPARAÍSO'),
(116, 2, 'SAN FRANCISCO'),
(117, 2, 'YALÍ'),
(118, 2, 'BELMIRA'),
(119, 2, 'GUADALUPE'),
(120, 2, 'CARAMANTA'),
(121, 2, 'VIGÍA DEL FUERTE'),
(122, 2, 'TOLEDO'),
(123, 2, 'ARMENIA'),
(124, 2, 'HISPANIA'),
(125, 2, 'CARACOLÍ'),
(126, 2, 'SAN ANDRÉS DE CUERQU'),
(127, 2, 'CONCEPCIÓN'),
(128, 2, 'GIRALDO'),
(129, 2, 'CAROLINA DEL PRÍNCIP'),
(130, 2, 'ALEJANDRÍA'),
(131, 2, 'MURINDÓ'),
(132, 2, 'CAMPAMENTO'),
(133, 2, 'SAN JOSÉ DE LA MONTA'),
(134, 2, 'OLAYA'),
(135, 2, 'ABRIAQUÍ'),
(136, 3, 'ARAUCA'),
(137, 3, 'SARAVENA'),
(138, 3, 'TAME'),
(139, 3, 'ARAUQUITA'),
(140, 3, 'FORTUL'),
(141, 3, 'CRAVO NORTE'),
(142, 3, 'PUERTO RONDÓN'),
(143, 4, 'SAN ANDRÉS'),
(144, 5, 'BARRANQUILLA'),
(145, 5, 'SOLEDAD'),
(146, 5, 'MALAMBO'),
(147, 5, 'SABANALARGA'),
(148, 5, 'BARANOA'),
(149, 5, 'GALAPA'),
(150, 5, 'PUERTO COLOMBIA'),
(151, 5, 'SABANAGRANDE'),
(152, 5, 'SANTO TÓMAS'),
(153, 5, 'PALMAR DE VARELA'),
(154, 5, 'LURUACO'),
(155, 5, 'REPELÓN'),
(156, 5, 'PONEDERA'),
(157, 5, 'CAMPO DE LA CRUZ'),
(158, 5, 'JUAN DE COSTA'),
(159, 5, 'POLONUEVO'),
(160, 5, 'MANATÍ'),
(161, 5, 'SANTA LUCÍA'),
(162, 5, 'CANDELARIA'),
(163, 5, 'TUBARÁ'),
(164, 5, 'SUÁN'),
(165, 5, 'USIACURÍ'),
(166, 5, 'PIOJÓ'),
(167, 6, 'CARTAGENA DE INDIAS'),
(168, 6, 'MAGANGUÉ'),
(169, 6, 'CARMEN DE BOLIVAR'),
(170, 6, 'TURBACO'),
(171, 6, 'ARJONA'),
(172, 6, 'MARÍA LA BAJA'),
(173, 6, 'SANTA CRUZ DE MOMPOX'),
(174, 6, 'SAN JUAN NEPOMUCENO'),
(175, 6, 'SAN PABLO'),
(176, 6, 'SANTA ROSA DEL SUR'),
(177, 6, 'MAHATES'),
(178, 6, 'PINILLOS'),
(179, 6, 'SAN JACINTO'),
(180, 6, 'CALAMAR'),
(181, 6, 'ACHÍ'),
(182, 6, 'TIQUISO'),
(183, 6, 'SANTA ROSA'),
(184, 6, 'SIMITÍ'),
(185, 6, 'VILLANUEVA'),
(186, 6, 'SAN ESTANISLAO'),
(187, 6, 'RÍO VIEJO'),
(188, 6, 'BARRANCO DE LOBA'),
(189, 6, 'BRAZUELO DE PAPAYAL'),
(190, 6, 'NOROSÍ'),
(191, 6, 'SAN MARTÍN DE LOBA'),
(192, 6, 'TURBANÁ'),
(193, 6, 'MORALES'),
(194, 6, 'CORDOBA'),
(195, 6, 'SAN FERNANDO'),
(196, 6, 'SANTA CATALINA'),
(197, 6, 'CLEMENCIA'),
(198, 6, 'HATILLO DE LOBA'),
(199, 6, 'MONTECRISTO'),
(200, 6, 'CICUCO'),
(201, 6, 'TALAIGUA NUEVO'),
(202, 6, 'ALTOS DEL ROSARIO'),
(203, 6, 'ZAMBRANO'),
(204, 6, 'MARGARITA'),
(205, 6, 'ARROYOHONDO'),
(206, 6, 'SOPLAVIENTO'),
(207, 6, 'EL PEÑÓN'),
(208, 6, 'CANTAGALLO'),
(209, 6, 'EL GUAMO'),
(210, 6, 'ARENAL'),
(211, 6, 'SAN JACINTO DEL CAUC'),
(212, 6, 'SAN CRISTÓBAL'),
(213, 6, 'REGIDOR'),
(214, 7, 'TUNJA'),
(215, 7, 'SOGAMOSO'),
(216, 7, 'DUITAMA'),
(217, 7, 'CHIQUINQUIRÁ'),
(218, 7, 'PUERTO BOYACÁ'),
(219, 7, 'PAIPA'),
(220, 7, 'MONIQUIRÁ'),
(221, 7, 'SAMACÁ'),
(222, 7, 'GARAGOA'),
(223, 7, 'AQUITANIA'),
(224, 7, 'NOBSAS'),
(225, 7, 'VENTAQUEMADA'),
(226, 7, 'CÓMBITA'),
(227, 7, 'SABOYÁ'),
(228, 7, 'TIBASOSA'),
(229, 7, 'RÁQUIRA'),
(230, 7, 'SANTA ROSA DE VITERB'),
(231, 7, 'CHITA'),
(232, 7, 'OTANCHE'),
(233, 7, 'PAUNA'),
(234, 7, 'GUATEQUE'),
(235, 7, 'ÚMBITA'),
(236, 7, 'SAN PABLO DE BORBUR'),
(237, 7, 'MUZO'),
(238, 7, 'SOCOTÁ'),
(239, 7, 'RAMIRIQUÍ'),
(240, 7, 'VILLA DE LEYVA'),
(241, 7, 'TIBANÁ'),
(242, 7, 'MIRAFLORES'),
(243, 7, 'PESCA'),
(244, 7, 'TUTA'),
(245, 7, 'TOCA'),
(246, 7, 'SOATÁ'),
(247, 7, 'BELÉN'),
(248, 7, 'QUÍPAMA'),
(249, 7, 'SOTAQUIRÁ'),
(250, 7, 'MARIPÍ'),
(251, 7, 'SANTANA'),
(252, 7, 'SIACHOCHE'),
(253, 7, 'SOCHA'),
(254, 7, 'TURMEQUÉ'),
(255, 7, 'JENESANO'),
(256, 7, 'TASCO'),
(257, 7, 'CHITARAQUE'),
(258, 7, 'BOAVITA'),
(259, 7, 'CUBARÁ'),
(260, 7, 'FIRAVITOBA'),
(261, 7, 'SAN LUIS DE GACENO'),
(262, 7, 'GUAYATÁ'),
(263, 7, 'NUEVO COLÓN'),
(264, 7, 'MOTAVITA'),
(265, 7, 'GUICÁN'),
(266, 7, 'CHÍQUIZA'),
(267, 7, 'IZA'),
(268, 7, 'SORACÁ'),
(269, 7, 'BUENAVISTA'),
(270, 7, 'SUTAMARCHÁN'),
(271, 7, 'SAN JOSÉ DE PARE'),
(272, 7, 'TOTA'),
(273, 7, 'EL COCUY'),
(274, 7, 'LABRANZAGRANDE'),
(275, 7, 'CHISCAS'),
(276, 7, 'TOGUÍ'),
(277, 7, 'CIÉNEGA'),
(278, 7, 'ARCABUCO'),
(279, 7, 'PAZ DEL RÍO'),
(280, 7, 'MONGUA'),
(281, 7, 'ZETAQUIRA'),
(282, 7, 'CHIVATÁ'),
(283, 7, 'BOYACÁ'),
(284, 7, 'MONGUÍ'),
(285, 7, 'GÁMEZA'),
(286, 7, 'MACANAL'),
(287, 7, 'SAN MATEO'),
(288, 7, 'JERICÓ'),
(289, 7, 'SANTA MARÍA'),
(290, 7, 'CUCAITA'),
(291, 7, 'SUTATENZA'),
(292, 7, 'TENZA'),
(293, 7, 'CERINZA'),
(294, 7, 'COPER'),
(295, 7, 'SAN MIGUEL DE SEMA'),
(296, 7, 'CAMPOHERMOSO'),
(297, 7, 'EL ESPINO'),
(298, 7, 'CALDAS'),
(299, 7, 'FLORESTA'),
(300, 7, 'SÁCHICA'),
(301, 7, 'TIPACOQUE'),
(302, 7, 'CHINAVITA'),
(303, 7, 'TÓPAGA'),
(304, 7, 'SUSACÓN'),
(305, 7, 'LA UVITA'),
(306, 7, 'VIRACACHÁ'),
(307, 7, 'SOMONDOCO'),
(308, 7, 'PÁEZ'),
(309, 7, 'COVARACHÍA'),
(310, 7, 'LA CAPILLA'),
(311, 7, 'SANTA SOFÍA'),
(312, 7, 'GACHANTIVÁ'),
(313, 7, 'PACHAVITA'),
(314, 7, 'RENDÓN'),
(315, 7, 'SORA'),
(316, 7, 'TINJACÁ'),
(317, 7, 'OICATÁ'),
(318, 7, 'BRICEÑO'),
(319, 7, 'SATIVANORTE'),
(320, 7, 'PAYA'),
(321, 7, 'CORRALES'),
(322, 7, 'BETÉITIVA'),
(323, 7, 'TUTAZÁ'),
(324, 7, 'ALMEIDA'),
(325, 7, 'PAJARITO'),
(326, 7, 'CHIVOR'),
(327, 7, 'GUACAMAYAS'),
(328, 7, 'CUÍTIVA'),
(329, 7, 'SAN EDUARDO'),
(330, 7, 'BERBEO'),
(331, 7, 'PANQUEBA'),
(332, 7, 'LA VICTORIA'),
(333, 7, 'TUNUNGUÁ'),
(334, 7, 'PISBA'),
(335, 7, 'SATIVASUR'),
(336, 7, 'BUSCANZÁ'),
(337, 8, 'MANIZALES'),
(338, 8, 'LA DORADA'),
(339, 8, 'CHINCHINÁ'),
(340, 8, 'VILLAMARÍA'),
(341, 8, 'RIOSUCIO'),
(342, 8, 'ANSERMA'),
(343, 8, 'NEIRA'),
(344, 8, 'NEIRA'),
(345, 8, 'SUPÍA'),
(346, 8, 'PENSILVANIA'),
(347, 8, 'AGUADAS'),
(348, 8, 'SAMANÁ'),
(349, 8, 'SALAMINA'),
(350, 8, 'MANZANARES'),
(351, 8, 'PALESTINA'),
(352, 8, 'PÁCORA'),
(353, 8, 'MARQUETALIA'),
(354, 8, 'FILADELFIA'),
(355, 8, 'ARANZAZU'),
(356, 8, 'VITERBO'),
(357, 8, 'BELALCÁZAR'),
(358, 8, 'RISARALDA'),
(359, 8, 'VICTORIA'),
(360, 8, 'MARMATO'),
(361, 8, 'NORCASIA'),
(362, 8, 'LA MERCED'),
(363, 8, 'SAN JOSÉ'),
(364, 8, 'MARULANDA'),
(365, 9, 'FLORENCIA'),
(366, 9, 'SAN VCTE DEL CAGUÁN'),
(367, 9, 'EL DONCELLO'),
(368, 9, 'PUERTO RICO'),
(369, 9, 'LA MONTAÑITA'),
(370, 9, 'EL PAUJIL'),
(371, 9, 'BELÉN DE ANDAQUÍES'),
(372, 9, 'SOLANO'),
(373, 9, 'SAN JOSÉ DEL FRAGUA'),
(374, 9, 'VALPARAÍSO'),
(375, 9, 'PUERTO MILÁN'),
(376, 9, 'SOLITA'),
(377, 9, 'CURILLO'),
(378, 9, 'ALBANIA'),
(379, 9, 'MORELIA'),
(380, 9, 'CARTAGENA DEL CHAIRÁ'),
(381, 10, 'YOPAL'),
(382, 10, 'AGUAZUL'),
(383, 10, 'PAZ DE ARIPORO'),
(384, 10, 'VILLANUEVA'),
(385, 10, 'TAURAMENA'),
(386, 10, 'MONTERREY'),
(387, 10, 'TRINIDAD'),
(388, 10, 'MANÍ'),
(389, 10, 'HATO COROZAL'),
(390, 10, 'NUNCHÍA'),
(391, 10, 'PORE'),
(392, 10, 'OROCUÉ'),
(393, 10, 'SAN LUIS DE PALENQUE'),
(394, 10, 'TÁMARA'),
(395, 10, 'SABANALARGA'),
(396, 10, 'CHÁMEZA'),
(397, 10, 'SÁCAMA'),
(398, 10, 'RECETOR'),
(399, 10, 'LA SALINA'),
(400, 11, 'POPAYÁN'),
(401, 11, 'SNTNDR DE QUILICHAO'),
(402, 11, 'PUERTO TEJADA'),
(403, 11, 'BOLÍVAR'),
(404, 11, 'MIRANDA'),
(405, 11, 'CALOTO'),
(406, 11, 'PIENDAMÓ'),
(407, 11, 'CAJIBÍO'),
(408, 11, 'EL TAMBO'),
(409, 11, 'PATÍA'),
(410, 11, 'LA VEGA'),
(411, 11, 'PÁEZ'),
(412, 11, 'CALDONÓ'),
(413, 11, 'SILVIA'),
(414, 11, 'TIMBÍO'),
(415, 11, 'GUAPI'),
(416, 11, 'INZÁ'),
(417, 11, 'TORIBÍO'),
(418, 11, 'MORALES'),
(419, 11, 'BALBOA'),
(420, 11, 'CORINTO'),
(421, 11, 'BUENOS AIRES'),
(422, 11, 'GUACHENÉ'),
(423, 11, 'SUÁREZ'),
(424, 11, 'ALMAGUER'),
(425, 11, 'MERCADERES'),
(426, 11, 'TOTORÓ'),
(427, 11, 'TIMBIQUÍ'),
(428, 11, 'SOTARÁ'),
(429, 11, 'PURACÉ'),
(430, 11, 'JAMBALÓ'),
(431, 11, 'VILLA RICA'),
(432, 11, 'SAN SEBASTIÁN'),
(433, 11, 'LÓPEZ DE MICAY'),
(434, 11, 'ROSAS'),
(435, 11, 'LA SIERRA'),
(436, 11, 'PADILLA'),
(437, 11, 'SUCRE'),
(438, 11, 'FLORENCIA'),
(439, 11, 'SANTA ROSA'),
(440, 11, 'PIAMONTE'),
(441, 11, 'ARGELIA'),
(442, 12, 'VALLEDUPAR'),
(443, 12, 'AGUACHICA'),
(444, 12, 'CODAZZI'),
(445, 12, 'BOSCONIA'),
(446, 12, 'CHIMICHAGUA'),
(447, 12, 'CURUMANÍ'),
(448, 12, 'EL COPEY'),
(449, 12, 'CHIRIGUANÁ'),
(450, 12, 'LA JAGUA DE IBIRICO'),
(451, 12, 'LA PAZ'),
(452, 12, 'EL PASO'),
(453, 12, 'SAN ALBERTO'),
(454, 12, 'ASTREA'),
(455, 12, 'PUEBLO BELLO'),
(456, 12, 'SAN MARTÍN'),
(457, 12, 'PAILITAS'),
(458, 12, 'PELAYA'),
(459, 12, 'GAMARRA'),
(460, 12, 'LA GLORIA'),
(461, 12, 'RÍO DE ORO'),
(462, 12, 'TAMALAMEQUE'),
(463, 12, 'BECERRIL'),
(464, 12, 'SAN DIEGO'),
(465, 12, 'GONZÁLEZ'),
(466, 12, 'MANAURE BLCN DL CSR'),
(467, 13, 'QUIBDÓ'),
(468, 13, 'ALTO BAUDÓ'),
(469, 13, 'ISTMINA'),
(470, 13, 'TADÓ'),
(471, 13, 'BAJO BAUDÓ'),
(472, 13, 'RIOSUCIO'),
(473, 13, 'CONDOTO'),
(474, 13, 'UNGUÍA'),
(475, 13, 'MEDIO SAN JUAN'),
(476, 13, 'MEDIO BAUDÓ'),
(477, 13, 'ACANDÍ'),
(478, 13, 'MEDIO ATRATO'),
(479, 13, 'BOJAYÁ'),
(480, 13, 'BAHÍA SOLANO'),
(481, 13, 'BAGADÓ'),
(482, 13, 'LLORÓ'),
(483, 13, 'LITORAL DE SAN JUAN'),
(484, 13, 'EL CARMEN DE ATRATO'),
(485, 13, 'CÉRTEGUI'),
(486, 13, 'NUQUÍ'),
(487, 13, 'RÍO QUITO'),
(488, 13, 'RÍO IRÓ'),
(489, 13, 'NÓVITA'),
(490, 13, 'UNIÓN PANAMERICANA'),
(491, 13, 'ATRATO'),
(492, 13, 'CANTÓN DE SAN PABLO'),
(493, 13, 'EL CARMEN DEL DARIÉN'),
(494, 13, 'SAN JOSÉ DEL PALMAR'),
(495, 13, 'SIPÍ'),
(496, 13, 'JURADO'),
(497, 14, 'MONTERÍA'),
(498, 14, 'SANTA CRUZ DE LORICA'),
(499, 14, 'SAHAGÚN'),
(500, 14, 'CERETÉ'),
(501, 14, 'TIERRALTA'),
(502, 14, 'MONTELÍBANO'),
(503, 14, 'SN ANDRÉS SOTAVENTO'),
(504, 14, 'PLANETA RICA'),
(505, 14, 'CIÉNAGA DE ORO'),
(506, 14, 'CHINÚ'),
(507, 14, 'AYAPEL'),
(508, 14, 'SAN PELAYO'),
(509, 14, 'VALENCIA'),
(510, 14, 'PUERTO LIBERTADOR'),
(511, 14, 'TUCHÍN'),
(512, 14, 'PUEBLO NUEVO'),
(513, 14, 'SN BRNRDO DL VIENTO'),
(514, 14, 'SAN ANTERO'),
(515, 14, 'SAN CARLOS'),
(516, 14, 'MOÑITOS'),
(517, 14, 'PUERTO ESCONDIDO'),
(518, 14, 'BUENAVISTA'),
(519, 14, 'LOS CÓRDOBAS'),
(520, 14, 'COTORRA'),
(521, 14, 'PURÍSIMA'),
(522, 14, 'CANALETE'),
(523, 14, 'MOMIL'),
(524, 14, 'CHIMÁ'),
(525, 14, 'LA APARTADA'),
(526, 14, 'SAN JOSÉ DE URÉ'),
(527, 15, 'BOGOTÁ'),
(528, 15, 'SOACHA'),
(529, 15, 'FACATATIVÁ'),
(530, 15, 'FUSAGASUGÁ'),
(531, 15, 'ZIPAQUIRÁ'),
(532, 15, 'CHÍA'),
(533, 15, 'GIRARDOT'),
(534, 15, 'MOSQUERA'),
(535, 15, 'MADRID'),
(536, 15, 'FUNZA'),
(537, 15, 'CAJICÁ'),
(538, 15, 'UBATÉ'),
(539, 15, 'GUADUAS'),
(540, 15, 'SIBATÉ'),
(541, 15, 'LA MESA'),
(542, 15, 'PACHO'),
(543, 15, 'TOCANCIPÁ'),
(544, 15, 'VILLETA'),
(545, 15, 'LA CALERA'),
(546, 15, 'SOPÓ'),
(547, 15, 'SILVANIA'),
(548, 15, 'TABIO'),
(549, 15, 'EL COLEGIO'),
(550, 15, 'COTA'),
(551, 15, 'CHOCONTÁ'),
(552, 15, 'COGUA'),
(553, 15, 'TENJO'),
(554, 15, 'VILLAPINZÓN'),
(555, 15, 'TOCAIMA'),
(556, 15, 'CÁQUEZA'),
(557, 15, 'YACOPÍ'),
(558, 15, 'PUERTO SALGAR'),
(559, 15, 'NILO'),
(560, 15, 'SUESCA'),
(561, 15, 'CAPARRAPÍ'),
(562, 15, 'EL ROSAL'),
(563, 15, 'VIOTÁ'),
(564, 15, 'LA VEGA'),
(565, 15, 'SUBACHOQUE'),
(566, 15, 'ANOLAIMA'),
(567, 15, 'GUASCA'),
(568, 15, 'FÓMEQUE'),
(569, 15, 'UBALÁ'),
(570, 15, 'AGUA DE DIOS'),
(571, 15, 'ARBELÁEZ'),
(572, 15, 'ANAPOIMA'),
(573, 15, 'GUACHETÁ'),
(574, 15, 'NEMOCÓN'),
(575, 15, 'PASCA'),
(576, 15, 'CHOACHÍ'),
(577, 15, 'SIMIJACA'),
(578, 15, 'GACHANCIPÁ'),
(579, 15, 'SN ANTONIO TQUNDMA'),
(580, 15, 'GACHETÁ'),
(581, 15, 'SASAIMA'),
(582, 15, 'SAN BERNARDO'),
(583, 15, 'SUSA'),
(584, 15, 'CACHIPAY'),
(585, 15, 'SESQUILÉ'),
(586, 15, 'LENGUAZAQUE'),
(587, 15, 'MEDINA'),
(588, 15, 'SAN JUAN DE RIOSECO'),
(589, 15, 'LA PALMA'),
(590, 15, 'BOJACÁ'),
(591, 15, 'CARMEN DE CARUPA'),
(592, 15, 'CHIPAQUE'),
(593, 15, 'SAN FRANCISCO'),
(594, 15, 'JUNÍN'),
(595, 15, 'RICAURTE'),
(596, 15, 'QUIPILE'),
(597, 15, 'UNE'),
(598, 15, 'APULO'),
(599, 15, 'TENA'),
(600, 15, 'VERGARA'),
(601, 15, 'PARATEBUENO'),
(602, 15, 'GRANADA'),
(603, 15, 'LA PEÑA'),
(604, 15, 'CUCUNUBÁ'),
(605, 15, 'UBAQUE'),
(606, 15, 'MACHETÁ'),
(607, 15, 'FOSCA'),
(608, 15, 'QUETAME'),
(609, 15, 'ALBÁN'),
(610, 15, 'GACHALÁ'),
(611, 15, 'GUATAVITA'),
(612, 15, 'NIMAIMA'),
(613, 15, 'PANDI'),
(614, 15, 'NOCAIMA'),
(615, 15, 'PAIME'),
(616, 15, 'SAN CAYETANO'),
(617, 15, 'FÚQUENE'),
(618, 15, 'ZIPACÓN'),
(619, 15, 'EL PEÑÓN'),
(620, 15, 'SUPATÁ'),
(621, 15, 'TIBACUY'),
(622, 15, 'SUTATAUSA'),
(623, 15, 'TAUSA'),
(624, 15, 'GUAYABETAL'),
(625, 15, 'TOPAIPÍ'),
(626, 15, 'CABRERA'),
(627, 15, 'QUEBRADANEGRA'),
(628, 15, 'MANTA'),
(629, 15, 'ÚTICA'),
(630, 15, 'VIANÍ'),
(631, 15, 'CHAGUANÍ'),
(632, 15, 'VENECIA'),
(633, 15, 'GAMA'),
(634, 15, 'GUAYABAL DE SÍQUIMA'),
(635, 15, 'GUTIÉRREZ'),
(636, 15, 'TIBIRITA'),
(637, 15, 'PULÍ'),
(638, 15, 'JERUSALÉN'),
(639, 15, 'BITUIMA'),
(640, 15, 'GUATAQUÍ'),
(641, 15, 'VILLAGÓMEZ'),
(642, 15, 'NARIÑO'),
(643, 15, 'BELTRÁN'),
(644, 16, 'INÍRIDA'),
(645, 16, 'BARRANCO MINAS'),
(646, 16, 'MAPIRIPANA'),
(647, 16, 'PANA PANA'),
(648, 16, 'CACAHUAL'),
(649, 16, 'SAN FELIPE'),
(650, 16, 'PUERTO COLOMBIA'),
(651, 16, 'MORICHAL NUEVO'),
(652, 16, 'LA GUADALUPE'),
(653, 17, 'SAN JOSÉ DL GUAVIARE'),
(654, 17, 'MIRAFLORES'),
(655, 17, 'CALAMAR'),
(656, 17, 'EL RETORNO'),
(657, 18, 'NEIVA'),
(658, 18, 'PITALITO'),
(659, 18, 'GARZÓN'),
(660, 18, 'LA PLATA'),
(661, 18, 'CAMPOALEGRE'),
(662, 18, 'SAN AGUSTÍN'),
(663, 18, 'GIGANTE'),
(664, 18, 'PALERMO'),
(665, 18, 'ACEVEDO'),
(666, 18, 'ISNOS'),
(667, 18, 'ALGERCIDAS'),
(668, 18, 'TIMANÁ'),
(669, 18, 'AIPE'),
(670, 18, 'RIVERA'),
(671, 18, 'GUADALUPE'),
(672, 18, 'TARQUI'),
(673, 18, 'SUAZA'),
(674, 18, 'TELLO'),
(675, 18, 'PITAL'),
(676, 18, 'LA ARGENTINA'),
(677, 18, 'PALESTINA'),
(678, 18, 'SALADOBLANCO'),
(679, 18, 'SANTA MARÍA'),
(680, 18, 'OPORAPA'),
(681, 18, 'ÍQUIRA'),
(682, 18, 'TESALIA'),
(683, 18, 'COLOMBIA'),
(684, 18, 'AGRADO'),
(685, 18, 'TERUEL'),
(686, 18, 'YAGUARÁ'),
(687, 18, 'VILLAVIEJA'),
(688, 18, 'HOBO'),
(689, 18, 'NÁTAGA'),
(690, 18, 'PAICOL'),
(691, 18, 'BARAYA'),
(692, 18, 'ALTAMIRA'),
(693, 18, 'ELÍAS'),
(694, 19, 'RIOHACHA'),
(695, 19, 'URIBIA'),
(696, 19, 'MAICAO'),
(697, 19, 'MANAURE'),
(698, 19, 'SAN JUAN DEL CESAR'),
(699, 19, 'FONSECA'),
(700, 19, 'BARRANCAS'),
(701, 19, 'VILLANUEVA'),
(702, 19, 'DIBULLA'),
(703, 19, 'ALBANIA'),
(704, 19, 'HATONUEVO'),
(705, 19, 'URUMITA'),
(706, 19, 'DISTRACCIÓN'),
(707, 19, 'EL MOLINO'),
(708, 19, 'LA JAGUAR DEL PILAR'),
(709, 20, 'SANTA MARTA'),
(710, 20, 'CIÉNAGA'),
(711, 20, 'ZONA BANANERA'),
(712, 20, 'FUNDACIÓN'),
(713, 20, 'EL BANCO'),
(714, 20, 'PLATO'),
(715, 20, 'PIVIJAY'),
(716, 20, 'ARACATACA'),
(717, 20, 'ARIGUANÍ'),
(718, 20, 'SITIONUEVO'),
(719, 20, 'GUAMAL'),
(720, 20, 'PUEBLO VIEJO'),
(721, 20, 'SANTA ANA'),
(722, 20, 'EL RETÉN'),
(723, 20, 'SN SBSTAN D BNAVST'),
(724, 20, 'EL PIÑÓN'),
(725, 20, 'CHIBOLO'),
(726, 20, 'NUEVA GRANADA'),
(727, 20, 'SABANAS DE SAN ANGEL'),
(728, 20, 'PIJIÑO DEL CARMEN'),
(729, 20, 'TENERIFE'),
(730, 20, 'ALGARROBO'),
(731, 20, 'SNT BARBARA DE PINTO'),
(732, 20, 'CONCORDIA'),
(733, 20, 'SAN ZENÓN'),
(734, 20, 'ZAPAYÁN'),
(735, 20, 'SALAMINA'),
(736, 20, 'CRRO DE SN ANTONIO'),
(737, 20, 'PEDRAZA'),
(738, 20, 'REMOLINO'),
(739, 21, 'VILLAVICENCIO'),
(740, 21, 'ACACÍAS'),
(741, 21, 'GRANADA'),
(742, 21, 'PUERTO LÓPEZ'),
(743, 21, 'VISTA HERMOSA'),
(744, 21, 'SAN MARTÍN'),
(745, 21, 'CUMARAL'),
(746, 21, 'PUERTO GAITÁN'),
(747, 21, 'FUENTE DE ORO'),
(748, 21, 'PUERTO LLERAS'),
(749, 21, 'RESTREPO'),
(750, 21, 'LEJANÍAS'),
(751, 21, 'GUAMAL'),
(752, 21, 'PUERTO CONCORDIA'),
(753, 21, 'LA URIBE'),
(754, 21, 'CASTILLA LA NUEVA'),
(755, 21, 'PUERTO RICO'),
(756, 21, 'SAN JUAN DE ARAMA'),
(757, 21, 'SAN CARLOS DE GUAROA'),
(758, 21, 'EL CASTILLO'),
(759, 21, 'CUBARRAL'),
(760, 21, 'MESETAS'),
(761, 21, 'LA MACARENA'),
(762, 21, 'CABUYARO'),
(763, 21, 'BARRANCA DE UPÍA'),
(764, 21, 'EL DORADO'),
(765, 21, 'EL CALVARIO'),
(766, 21, 'SAN JUANITO'),
(767, 21, 'MAPIRIPÁN'),
(768, 22, 'SAN JUAN DE PASTO'),
(769, 22, 'TUMACO'),
(770, 22, 'IPIALES'),
(771, 22, 'SAMANIEGO'),
(772, 22, 'TÚQUERRES'),
(773, 22, 'BARBACOAS'),
(774, 22, 'LA UNIÓN'),
(775, 22, 'OLAYA HERRERA'),
(776, 22, 'EL CHARCO'),
(777, 22, 'SANDONÁ'),
(778, 22, 'CUMBAL'),
(779, 22, 'BUESACO'),
(780, 22, 'SAN JOSÉ DE ALBÁN'),
(781, 22, 'SAN LORENZO'),
(782, 22, 'PUPIALES'),
(783, 22, 'LA CRUZ'),
(784, 22, 'TAMINANGO'),
(785, 22, 'ROBERTO PAYÁN'),
(786, 22, 'SANTACRUZ'),
(787, 22, 'GUACHUCAL'),
(788, 22, 'SAN PABLO'),
(789, 22, 'LOS ANDES'),
(790, 22, 'RICAURTE'),
(791, 22, 'SAN BERNARDO'),
(792, 22, 'EL TABLÓN DE GÓMEZ'),
(793, 22, 'MAGUÍ PAYÁN'),
(794, 22, 'EL TAMBO'),
(795, 22, 'CÓRDOBA'),
(796, 22, 'POTOSÍ'),
(797, 22, 'GUAITARILLA'),
(798, 22, 'CHACHAGUÍ'),
(799, 22, 'MOSQUERA'),
(800, 22, 'LEIVA'),
(801, 22, 'PROVIDENCIA'),
(802, 22, 'LINARES'),
(803, 22, 'EL ROSARIO'),
(804, 22, 'FRANCISCO PIZARRO'),
(805, 22, 'LA FLORIDA'),
(806, 22, 'TANGUA'),
(807, 22, 'CONSACÁ'),
(808, 22, 'YACUANQUER'),
(809, 22, 'POLICARPA'),
(810, 22, 'COLÓN'),
(811, 22, 'PUERRES'),
(812, 22, 'SANTA BÁRBARA'),
(813, 22, 'LA TOLA'),
(814, 22, 'MALLAMA'),
(815, 22, 'ANCUYUÁ'),
(816, 22, 'OSPINA'),
(817, 22, 'CUASPUD'),
(818, 22, 'ILES'),
(819, 22, 'ARBOLEDA'),
(820, 22, 'IMUÉS'),
(821, 22, 'SAPUYES'),
(822, 22, 'SAN PEDRO DE CARTAGO'),
(823, 22, 'ALDANA'),
(824, 22, 'FUNES'),
(825, 22, 'EL PEÑOL'),
(826, 22, 'CONTADERO'),
(827, 22, 'CUMBITARA'),
(828, 22, 'GUALMATÁN'),
(829, 22, 'BELÉN'),
(830, 22, 'NARIÑO'),
(831, 22, 'LA LLANADA'),
(832, 23, 'CÚCUTA'),
(833, 23, 'OCAÑA'),
(834, 23, 'VILLA DEL ROSARIO'),
(835, 23, 'LOS PATIOS'),
(836, 23, 'PAMPLONA'),
(837, 23, 'ABREGO'),
(838, 23, 'TIBÚ'),
(839, 23, 'EL ZULIA'),
(840, 23, 'SARDINATA'),
(841, 23, 'TOLEDO'),
(842, 23, 'TEORAMA'),
(843, 23, 'CHINÁCOTA'),
(844, 23, 'CONVENCIÓN'),
(845, 23, 'EL CARMEN'),
(846, 23, 'LA ESPERANZA'),
(847, 23, 'CÁCHIRA'),
(848, 23, 'EL TARRA'),
(849, 23, 'SAN CALIXTO'),
(850, 23, 'CHITAGÁ'),
(851, 23, 'SLZR DE LAS PALMAS'),
(852, 23, 'ARBOLEDAS'),
(853, 23, 'CUCUTILLA'),
(854, 23, 'HACARÍ'),
(855, 23, 'PUERTO SANTANDER'),
(856, 23, 'RAGONVALIA'),
(857, 23, 'BOCHALEMA'),
(858, 23, 'GRAMALOTE'),
(859, 23, 'LA PLAYA DE BELÉN'),
(860, 23, 'LABATECA'),
(861, 23, 'PAMPLONITA'),
(862, 23, 'SNTO DMINGO D SILOS'),
(863, 23, 'VILLA CARO'),
(864, 23, 'BUCARASICA'),
(865, 23, 'SAN CAYETANO'),
(866, 23, 'HERRÁN'),
(867, 23, 'DURANÍA'),
(868, 23, 'MUTISCUA'),
(869, 23, 'LOURDES'),
(870, 23, 'SANTIAGO'),
(871, 23, 'CÁCOTA'),
(872, 24, 'VALLE DEL GUAMUEZ'),
(873, 24, 'PUERTO ASÍS'),
(874, 24, 'ORITO'),
(875, 24, 'MOCOA'),
(876, 24, 'SAN MIGUEL'),
(877, 24, 'VILLAGARZÓN'),
(878, 24, 'SIBUNDOY'),
(879, 24, 'PUERTO CAICEDO'),
(880, 24, 'PUERTO LEGUIZAMO'),
(881, 24, 'SANTIAGO'),
(882, 24, 'SAN FRANCISCO'),
(883, 24, 'PUERTO GUZMÁN'),
(884, 24, 'COLÓN'),
(885, 25, 'ARMENIA'),
(886, 25, 'CALARCÁ'),
(887, 25, 'MONTENEGRO'),
(888, 25, 'QUIMBAYA'),
(889, 25, 'LA TEBAIDA'),
(890, 25, 'CIRCASIA'),
(891, 25, 'FILANDIA'),
(892, 25, 'GÉNOVA'),
(893, 25, 'SALENTO'),
(894, 25, 'PIJAO'),
(895, 25, 'CÓRDOBA'),
(896, 25, 'BUENAVISTA'),
(897, 26, 'PEREIRA'),
(898, 26, 'DOSQUEBRADAS'),
(899, 26, 'SANTA ROSA DE CABAL'),
(900, 26, 'QUINCHÍA'),
(901, 26, 'LA VIRGINIA'),
(902, 26, 'BELÉN DE UMBRÍA'),
(903, 26, 'MARSELLA'),
(904, 26, 'GUÁTICA'),
(905, 26, 'SANTUARIO'),
(906, 26, 'APÍA'),
(907, 26, 'MISTRATÓ'),
(908, 26, 'PUEBLO RICO'),
(909, 26, 'LA CELIA'),
(910, 26, 'BALBOA'),
(911, 27, 'BUCARAMANGA'),
(912, 27, 'FLORIDABLANCA'),
(913, 27, 'BARRANCABERMEJA'),
(914, 27, 'SAN JUAN DE GIRÓN'),
(915, 27, 'PIEDECUESTA'),
(916, 27, 'SAN GIL'),
(917, 27, 'CIMITARRA'),
(918, 27, 'PUERTO WILCHES'),
(919, 27, 'LEBRIJA'),
(920, 27, 'SN VCNTE DE CHUCURI'),
(921, 27, 'RIONEGRO'),
(922, 27, 'BARBOSA'),
(923, 27, 'SABANA DE TORRES'),
(924, 27, 'VÉLEZ'),
(925, 27, 'MÁLAGA'),
(926, 27, 'EL CARMN D CHUCURÍ'),
(927, 27, 'PUENTE NACIONAL'),
(928, 27, 'LANDÁZURI'),
(929, 27, 'EL PLAYÓN'),
(930, 27, 'BOLÍVAR'),
(931, 27, 'CURITÍ'),
(932, 27, 'CHARALÁ'),
(933, 27, 'OIBA'),
(934, 27, 'MOGOTES'),
(935, 27, 'LOS SANTOS'),
(936, 27, 'SUAITA'),
(937, 27, 'SAN ANDRÉS'),
(938, 27, 'ZAPATOCA'),
(939, 27, 'SUCRE'),
(940, 27, 'SIMACOTA'),
(941, 27, 'ARATOCA'),
(942, 27, 'BARICHARA'),
(943, 27, 'LA BELLEZA'),
(944, 27, 'VILLANUEVA'),
(945, 27, 'GUACÁ'),
(946, 27, 'TONA'),
(947, 27, 'PUERTO PARRA'),
(948, 27, 'FLORIÁN'),
(949, 27, 'CERRITO'),
(950, 27, 'COROMORO'),
(951, 27, 'CAPITANEJO'),
(952, 27, 'CONCEPCIÓN'),
(953, 27, 'MATANZA'),
(954, 27, 'ONZAGA'),
(955, 27, 'EL PEÑÓN'),
(956, 27, 'LA PAZ'),
(957, 27, 'GUADALUPE'),
(958, 27, 'MOLAGAVITA'),
(959, 27, 'BETULIA'),
(960, 27, 'VALLE DE SAN JOSÉ'),
(961, 27, 'CARCASÍ'),
(962, 27, 'CHIPATÁ'),
(963, 27, 'OCAMONTE'),
(964, 27, 'SN JOSÉ DE MIRANDA'),
(965, 27, 'SNTA HLNA DEL OPÓN'),
(966, 27, 'ALBANIA'),
(967, 27, 'GUAVATÁ'),
(968, 27, 'GUEPSA'),
(969, 27, 'CONTRATACIÓN'),
(970, 27, 'ENCISO'),
(971, 27, 'SAN BENITO'),
(972, 27, 'GÁMBITA'),
(973, 27, 'PINCHOTE'),
(974, 27, 'PÁRAMO'),
(975, 27, 'SURATÁ'),
(976, 27, 'JESÚS MARÍA'),
(977, 27, 'CHIMA'),
(978, 27, 'CHARTA'),
(979, 27, 'GALÁN'),
(980, 27, 'SAN JOAQUÍN'),
(981, 27, 'CONFINES'),
(982, 27, 'ENCINO'),
(983, 27, 'MACARAVITA'),
(984, 27, 'SAN MIGUEL'),
(985, 27, 'PALMAS DEL SOCORRO'),
(986, 27, 'SOCORRO'),
(987, 27, 'HATO'),
(988, 27, 'SANTA BÁRBARA'),
(989, 27, 'EL GUACAMAYO'),
(990, 27, 'GUAPOTÁ'),
(991, 27, 'PALMAR'),
(992, 27, 'CEPITÁ'),
(993, 27, 'CABRERA'),
(994, 27, 'AGUADA'),
(995, 27, 'CALIFORNIA'),
(996, 27, 'VETAS'),
(997, 27, 'JORDÁN'),
(998, 28, 'SINCELEJOR'),
(999, 28, 'COROZAL'),
(1000, 28, 'SAN MARCOS'),
(1001, 28, 'SAN ONOFRE'),
(1002, 28, 'SAMPUÉS'),
(1003, 28, 'MAJAGUAL'),
(1004, 28, 'SINCÉ'),
(1005, 28, 'SANTIAGO DE TOLÚ'),
(1006, 28, 'SAN BENITO ABAD'),
(1007, 28, 'SUCRE'),
(1008, 28, 'OVEJAS'),
(1009, 28, 'TOLÚ VIEJO'),
(1010, 28, 'LOS PALMITOS'),
(1011, 28, 'GALERAS'),
(1012, 28, 'SAN PEDRO'),
(1013, 28, 'GUARANDA'),
(1014, 28, 'MORROA'),
(1015, 28, 'SN JUAN DE BETULIA'),
(1016, 28, 'PALMITO'),
(1017, 28, 'COVEÑAS'),
(1018, 28, 'CAIMITO'),
(1019, 28, 'LA UNIÓN'),
(1020, 28, 'BUENAVIST'),
(1021, 28, 'EL ROBLE'),
(1022, 28, 'COLOSÓ'),
(1023, 28, 'CHALÁN'),
(1024, 29, 'IBAGUÉ'),
(1025, 29, 'ESPINAL'),
(1026, 29, 'CHAPARRAL'),
(1027, 29, 'LÍBANO'),
(1028, 29, 'GUAMO'),
(1029, 29, 'MARIQUITA'),
(1030, 29, 'MELGAR'),
(1031, 29, 'FRESNO'),
(1032, 29, 'ORTEGA'),
(1033, 29, 'COYAIMA'),
(1034, 29, 'FLANDES'),
(1035, 29, 'PURIFICACIÓN'),
(1036, 29, 'HONDA'),
(1037, 29, 'PLANADAS'),
(1038, 29, 'RIOBLANCO'),
(1039, 29, 'ROVIRA'),
(1040, 29, 'NATAGAIMA'),
(1041, 29, 'CAJAMARCA'),
(1042, 29, 'VENADILLO'),
(1043, 29, 'LÉRIDA'),
(1044, 29, 'ATACO'),
(1045, 29, 'SAN ANTONIO'),
(1046, 29, 'SALDAÑA'),
(1047, 29, 'SAN LUIS'),
(1048, 29, 'ARMERO'),
(1049, 29, 'VILLAHERMOSA'),
(1050, 29, 'ICONONZO'),
(1051, 29, 'PALOCABILDO'),
(1052, 29, 'COELLO'),
(1053, 29, 'HERVEO'),
(1054, 29, 'ALVARADO'),
(1055, 29, 'PRADO'),
(1056, 29, 'CUNDAY'),
(1057, 29, 'ANZOÁTEGUI'),
(1058, 29, 'CARMEN DE APICALÁ'),
(1059, 29, 'FALÁN'),
(1060, 29, 'AMBALEMA'),
(1061, 29, 'CASABIANCA'),
(1062, 29, 'SANTA ISABEL'),
(1063, 29, 'VALLE DE SAN JUAN'),
(1064, 29, 'RONCESVALLES'),
(1065, 29, 'VILLARRICA '),
(1066, 29, 'DOLORES'),
(1067, 29, 'PIEDRAS'),
(1068, 29, 'ALPUJARRA'),
(1069, 29, 'MURILLO'),
(1070, 29, 'SUÁREZ'),
(1071, 30, 'CALI'),
(1072, 30, 'BUENAVENTURA'),
(1073, 30, 'PALMIRA'),
(1074, 30, 'TULUA'),
(1075, 30, 'CARTAGO'),
(1076, 30, 'BUGA'),
(1077, 30, 'JAMUNDÍ'),
(1078, 30, 'YUMBO'),
(1079, 30, 'CANDELARIA'),
(1080, 30, 'FLORIDA'),
(1081, 30, 'EL CERRITO'),
(1082, 30, 'PRADERA'),
(1083, 30, 'SEVILLA'),
(1084, 30, 'ZARZAL'),
(1085, 30, 'DAGUA'),
(1086, 30, 'ROLDANILLO'),
(1087, 30, 'LA UNIÓN'),
(1088, 30, 'GUACARÍ'),
(1089, 30, 'CAICEDONIA'),
(1090, 30, 'BUGALAGRANDE'),
(1091, 30, 'ANSERMANUEVO'),
(1092, 30, 'GINEBRA'),
(1093, 30, 'TRUJILLO'),
(1094, 30, 'ANDALUCÍA'),
(1095, 30, 'SAN PEDRO'),
(1096, 30, 'RIOFRÍO'),
(1097, 30, 'TORO'),
(1098, 30, 'YOTOCO'),
(1099, 30, 'DARIÉN'),
(1100, 30, 'BOLÍVAR'),
(1101, 30, 'OBANDO'),
(1102, 30, 'RESTREPO'),
(1103, 30, 'LA VICTORIA'),
(1104, 30, 'ALCALÁ'),
(1105, 30, 'LA CUMBRE'),
(1106, 30, 'VIJES'),
(1107, 30, 'EL ÁGUILA'),
(1108, 30, 'EL CAIRO'),
(1109, 30, 'EL DOVIO'),
(1110, 30, 'VERSALLES'),
(1111, 30, 'ARGELIA'),
(1112, 30, 'ULLOA'),
(1113, 31, 'MITÚ'),
(1114, 31, 'PACOA'),
(1115, 31, 'YAVARATÉ'),
(1116, 31, 'TARAIRA'),
(1117, 31, 'PAPUNAUA'),
(1118, 31, 'CARURÚ'),
(1119, 32, 'CUMARIBO'),
(1120, 32, 'PUERTO CARREÑO'),
(1121, 32, 'LA PRIMAVERA'),
(1122, 32, 'SANTA ROSALÍA');

-- --------------------------------------------------------

--
-- Estructura de tabla para la tabla `tipo_usuario`
--

CREATE TABLE `tipo_usuario` (
  `ID_USUARIO` int(20) NOT NULL,
  `DESCRIPCION` varchar(20) NOT NULL
) ENGINE=InnoDB DEFAULT CHARSET=utf8mb4;

--
-- Volcado de datos para la tabla `tipo_usuario`
--

INSERT INTO `tipo_usuario` (`ID_USUARIO`, `DESCRIPCION`) VALUES
(1, 'CLIENTE'),
(2, 'ADMINISTRADOR');

-- --------------------------------------------------------

--
-- Estructura de tabla para la tabla `users`
--

CREATE TABLE `users` (
  `NUM_REGISTRO` int(11) NOT NULL,
  `ID` int(10) NOT NULL,
  `NAME_LASTNAME` varchar(30) NOT NULL,
  `DATE` date NOT NULL,
  `TYPE_ID` varchar(10) NOT NULL,
  `ADDRESS` varchar(30) NOT NULL,
  `DEPARTAMENTO` varchar(30) NOT NULL,
  `MUNICIPIO` varchar(30) NOT NULL,
  `CELLPHONE` varchar(20) NOT NULL,
  `PASSWORD` varchar(10) NOT NULL,
  `TIPO_USUARIO` varchar(10) NOT NULL,
  `TIPO_PLAN` varchar(10) NOT NULL
) ENGINE=InnoDB DEFAULT CHARSET=utf8mb4;

--
-- Volcado de datos para la tabla `users`
--

INSERT INTO `users` (`NUM_REGISTRO`, `ID`, `NAME_LASTNAME`, `DATE`, `TYPE_ID`, `ADDRESS`, `DEPARTAMENTO`, `MUNICIPIO`, `CELLPHONE`, `PASSWORD`, `TIPO_USUARIO`, `TIPO_PLAN`) VALUES
(2, 11111, 'DIEGO', '2005-06-10', 'CC', 'ASD', 'CAUCA', 'POPAYAN', '11111111', '123', 'Admin', ''),
(46, 123124324, 'ASDASDAS', '2004-12-21', 'PST', 'ASDASD', 'GUAVIARE', 'CALAMAR', '23412312', '123', 'Cliente', 'BASIC'),
(47, 2147483647, 'ASDADASD', '2004-12-22', 'CC', 'DFSDFSD', 'GUAVIARE', 'EL RETORNO', '23452341', '123', 'Cliente', 'BASIC'),
(48, 123345652, 'ADADASDASD', '2004-12-14', 'CC', 'ASDASD', 'CESAR', 'EL PASO', '121235234', '123', 'Cliente', 'BASIC'),
(49, 21342234, 'ASDFSFAAS', '2004-12-21', 'PST', '2DSZFADAS', 'CHOCO', 'BOJAYÁ', '12345424', '123', 'Cliente', 'PREMIUM'),
(50, 123534123, 'SDFTWERWE', '2004-12-21', 'CC', 'ASDDFASD', 'CAUCA', 'SILVIA', '12341231', '123', 'Cliente', 'PREMIUM'),
(54, 34532325, 'ANDRES HURTADO', '2004-12-21', 'CC', 'ADQWE', 'CAUCA', 'POPAYÁN', '3016616811', '123', 'Cliente', 'BASIC');

--
-- Índices para tablas volcadas
--

--
-- Indices de la tabla `departamentos`
--
ALTER TABLE `departamentos`
  ADD PRIMARY KEY (`ID_Depart`);

--
-- Indices de la tabla `municipios`
--
ALTER TABLE `municipios`
  ADD PRIMARY KEY (`ID_Municipio`),
  ADD KEY `fk_municipios_departamentos` (`ID_Departamento`);

--
-- Indices de la tabla `tipo_usuario`
--
ALTER TABLE `tipo_usuario`
  ADD PRIMARY KEY (`ID_USUARIO`);

--
-- Indices de la tabla `users`
--
ALTER TABLE `users`
  ADD PRIMARY KEY (`NUM_REGISTRO`);

--
-- AUTO_INCREMENT de las tablas volcadas
--

--
-- AUTO_INCREMENT de la tabla `departamentos`
--
ALTER TABLE `departamentos`
  MODIFY `ID_Depart` int(11) NOT NULL AUTO_INCREMENT, AUTO_INCREMENT=33;

--
-- AUTO_INCREMENT de la tabla `municipios`
--
ALTER TABLE `municipios`
  MODIFY `ID_Municipio` int(11) NOT NULL AUTO_INCREMENT, AUTO_INCREMENT=1123;

--
-- AUTO_INCREMENT de la tabla `tipo_usuario`
--
ALTER TABLE `tipo_usuario`
  MODIFY `ID_USUARIO` int(20) NOT NULL AUTO_INCREMENT, AUTO_INCREMENT=3;

--
-- AUTO_INCREMENT de la tabla `users`
--
ALTER TABLE `users`
  MODIFY `NUM_REGISTRO` int(11) NOT NULL AUTO_INCREMENT, AUTO_INCREMENT=55;

--
-- Restricciones para tablas volcadas
--

--
-- Filtros para la tabla `municipios`
--
ALTER TABLE `municipios`
  ADD CONSTRAINT `fk_municipios_departamentos` FOREIGN KEY (`ID_Departamento`) REFERENCES `departamentos` (`ID_Depart`);
COMMIT;

/*!40101 SET CHARACTER_SET_CLIENT=@OLD_CHARACTER_SET_CLIENT */;
/*!40101 SET CHARACTER_SET_RESULTS=@OLD_CHARACTER_SET_RESULTS */;
/*!40101 SET COLLATION_CONNECTION=@OLD_COLLATION_CONNECTION */;
